xuhao,yield
MASBC10038S_1001U,3.26
MASBC10056S_3001,3.71
MASBC10056S_3003,4.97
MASBC10056S_3004U,3.78
MASBC10056S_3005,2.59
MASBC10056S_3006,3.34
MASBC10056S_3007,3.71
MASBC10056S_3008,3.85
MASBC10063S_5001U,4.30
MASBC10063S_5003U,4.30
MASBC10063S_5004,3.71
MASBC10063S_5005U,3.26
MASBC10063S_5006U,3.56
MASBC10063S_5007U,4.15
MASBC10063S_5008U,4.60
MASBC10063S_5009U,4.74
MASBC10065S_3001,4.67
MASBC10066S_4001U,3.85
SWW11019B001U,3.48
SWW11035B001,2.37
SWW11035B003,2.45
SWW11035B004,3.26
SWW11036B001,3.19
SWW11041B001U,3.71
SWW11041B003,3.34
SWW11041B004U,2.59
SWW11049B001,2.00
SWW11058B001E,4.30
SWW11058B003,2.00
SWW11061B001U,2.59
SWW11081B001,2.89
SWW11085B001,2.67
SWW11085B003E,4.23
SWW11085B004,5.04
SWW11085B005,3.26
SWW11088B001,2.59
SWW11091B001,3.78
SWW11091B003E,3.93
SWW11103B001R,4.30
SWW11108B001,2.97
SWW11108B003,4.00
SWW11110B001,3.19
SWW11144B001,2.89
SWW11163B001,2.52
SWW11181B001U,4.67
SWW11183B001,2.82
SWW11183B003U,3.56
SWW11190B001E,4.00
SWW11307B001,3.41
SWW11316B001E,4.15
SWW11317B001U,4.60
SWW11317B003,4.60
SWW11317B004U,3.63
SWW11317B005U,3.78
SWW11317B006,4.15
SWW11317B007U,4.45
SWW11317B008U,3.41
SWW11318B001,2.97
SWW11318B003,1.19
SWW11333B001U,4.52
SWW11348B001U,4.89
SWW14007DH1,2.96
SWW14007DH10,5.92
SWW14007DH13,4.71
SWW14007DH15,5.85
SWW14007DH16,5.18
SWW14007DH17,4.51
SWW14007DH18,6.32
SWW14007DH19,4.98
SWW14007DH2,4.77
SWW14007DH20,3.97
SWW14007DH21,4.10
SWW14007DH22,3.50
SWW14007DH23,5.38
SWW14007DH24,4.17
SWW14007DH25,3.03
SWW14007DH26,3.77
SWW14007DH27,4.37
SWW14007DH28,2.62
SWW14007DH29,5.25
SWW14007DH3,4.84
SWW14007DH30,5.25
SWW14007DH31,4.77
SWW14007DH32,3.90
SWW14007DH33,5.11
SWW14007DH34,3.97
SWW14007DH35,5.92
SWW14007DH36,5.25
SWW14007DH37,3.23
SWW14007DH38,4.71
SWW14007DH39,3.63
SWW14007DH4,4.17
SWW14007DH40,6.19
SWW14007DH41,4.77
SWW14007DH5,4.71
SWW14007DH6,4.51
SWW14007DH7,5.11
SWW14007DH8,5.11
SWW14007DH9,5.18
SWW14008DH1,6.52
SWW14008DH10,5.58
SWW14008DH2,5.85
SWW14008DH3,6.32
SWW14008DH4,6.32
SWW14008DH5,5.25
SWW14008DH6,5.92
SWW14008DH7,4.84
SWW14008DH8,5.92
SWW14008DH9,5.65
SWW14019DH1,3.77
SWW14019DH2,4.77
SWW14046DH1,6.46
SWW14046DH10,5.92
SWW14046DH11,5.99
SWW14046DH12,5.31
SWW14046DH14,6.12
SWW14046DH15,6.05
SWW14046DH16,5.78
SWW14046DH17,6.66
SWW14046DH2,5.99
SWW14046DH3,5.31
SWW14046DH4,6.19
SWW14046DH5,5.99
SWW14046DH6,5.72
SWW14046DH8,5.04
SWW14046DH9,6.66
SWW14062DH1,6.93
SWW14062DH10,4.04
SWW14062DH11,3.63
SWW14062DH12,4.24
SWW14062DH13,2.49
SWW14062DH14,2.15
SWW14062DH15,3.30
SWW14062DH16,1.75
SWW14062DH17,2.42
SWW14062DH18,3.50
SWW14062DH19,3.83
SWW14062DH2,5.65
SWW14062DH20,4.77
SWW14062DH21,5.45
SWW14062DH22,5.85
SWW14062DH23,5.99
SWW14062DH24,6.66
SWW14062DH25,6.99
SWW14062DH26,4.84
SWW14062DH27,5.92
SWW14062DH28,6.05
SWW14062DH29,5.72
SWW14062DH30,6.32
SWW14062DH31,5.65
SWW14062DH4,4.77
SWW14062DH5,5.38
SWW14062DH6,4.77
SWW14062DH8,4.51
SWW14062DH9,3.83
SWW14063DH1,5.72
SWW14063DH10,5.38
SWW14063DH11,5.51
SWW14063DH12,5.11
SWW14063DH13,6.12
SWW14063DH14,6.12
SWW14063DH2,5.85
SWW14063DH3,6.73
SWW14063DH4,6.39
SWW14063DH5,4.84
SWW14063DH6,6.19
SWW14063DH7,6.12
SWW14063DH8,5.72
SWW14063DH9,5.99
SWW14064DH1,4.57
SWW14064DH2,6.25
SWW14064DH3,6.73
SWW14064DH4,5.58
SWW14064DH5,6.73
SWW14087DH1,5.25
SWW14087DH10,1.88
SWW14087DH11,1.68
SWW14087DH12,1.28
SWW14087DH13,2.08
SWW14087DH14,1.21
SWW14087DH15,0.67
SWW14087DH16,2.49
SWW14087DH17,0.54
SWW14087DH18,1.14
SWW14087DH19,3.16
SWW14087DH2,5.51
SWW14087DH21,2.29
SWW14087DH22,2.76
SWW14087DH23,2.69
SWW14087DH24,4.91
SWW14087DH26,5.38
SWW14087DH27,4.10
SWW14087DH28,5.45
SWW14087DH29,5.78
SWW14087DH3,5.92
SWW14087DH30,5.18
SWW14087DH31,6.39
SWW14087DH33,5.31
SWW14087DH34,5.31
SWW14087DH36,6.66
SWW14087DH37,6.05
SWW14087DH38,5.99
SWW14087DH39,5.51
SWW14087DH41,6.32
SWW14087DH42,6.32
SWW14087DH43,4.91
SWW14087DH44,5.45
SWW14087DH45,5.31
SWW14087DH46,4.64
SWW14087DH47,5.25
SWW14087DH48,3.30
SWW14087DH49,3.50
SWW14087DH5,5.65
SWW14087DH50,4.30
SWW14087DH51,5.25
SWW14087DH52,5.04
SWW14087DH54,5.92
SWW14087DH55,6.12
SWW14087DH56,5.78
SWW14087DH58,4.51
SWW14087DH59,5.38
SWW14087DH6,5.92
SWW14087DH61,3.50
SWW14087DH62,4.84
SWW14087DH7,2.29
SWW14087DH8,4.64
SWW14087DH9,3.30
SWW14111DH1,4.71
SWW14111DH11,0.94
SWW14111DH12,1.61
SWW14111DH13,3.77
SWW14111DH15,0.27
SWW14111DH16,2.29
SWW14111DH17,4.04
SWW14111DH18,3.03
SWW14111DH19,2.29
SWW14111DH2,0.87
SWW14111DH20,1.95
SWW14111DH21,2.15
SWW14111DH22,0.61
SWW14111DH24,2.42
SWW14111DH25,6.73
SWW14111DH26,4.51
SWW14111DH29,6.73
SWW14111DH3,1.08
SWW14111DH30,5.38
SWW14111DH31,6.86
SWW14111DH32,6.32
SWW14111DH35,6.46
SWW14111DH36,5.92
SWW14111DH37,6.73
SWW14111DH38,3.83
SWW14111DH39,5.38
SWW14111DH4,1.48
SWW14111DH41,4.17
SWW14111DH42,6.32
SWW14111DH43,6.32
SWW14111DH44,6.05
SWW14111DH45,5.31
SWW14111DH47,6.19
SWW14111DH48,5.31
SWW14111DH49,5.31
SWW14111DH5,0.67
SWW14111DH50,5.25
SWW14111DH53,5.38
SWW14111DH54,4.51
SWW14111DH55,3.70
SWW14111DH56,4.10
SWW14111DH57,3.56
SWW14111DH58,5.85
SWW14111DH6,1.35
SWW14112DH1,4.98
SWW14112DH10,1.48
SWW14112DH12,1.41
SWW14112DH14,3.30
SWW14112DH15,3.30
SWW14112DH16,3.23
SWW14112DH17,0.61
SWW14112DH18,1.82
SWW14112DH2,5.18
SWW14112DH20,2.89
SWW14112DH21,3.09
SWW14112DH22,3.30
SWW14112DH24,3.83
SWW14112DH25,4.17
SWW14112DH27,1.55
SWW14112DH28,3.50
SWW14112DH29,0.40
SWW14112DH3,4.84
SWW14112DH30,3.77
SWW14112DH31,2.02
SWW14112DH32,3.63
SWW14112DH33,3.56
SWW14112DH36,4.84
SWW14112DH37,4.77
SWW14112DH38,4.91
SWW14112DH39,4.37
SWW14112DH4,3.16
SWW14112DH42,3.97
SWW14112DH43,5.11
SWW14112DH44,5.38
SWW14112DH48,6.59
SWW14112DH49,6.12
SWW14112DH5,4.77
SWW14112DH51,4.44
SWW14112DH52,4.37
SWW14112DH53,5.92
SWW14112DH54,5.65
SWW14112DH56,3.90
SWW14112DH57,3.97
SWW14112DH58,6.19
SWW14112DH59,6.46
SWW14112DH60,5.92
SWW14112DH61,7.13
SWW14112DH62,5.85
SWW14112DH63,3.83
SWW14112DH65,5.72
SWW14112DH66,5.72
SWW14112DH67,5.04
SWW14112DH68,5.51
SWW14112DH69,5.45
SWW14112DH70,5.18
SWW14112DH71,4.17
SWW14112DH72,5.31
SWW14112DH73,5.18
SWW14112DH75,0.81
SWW14112DH76,2.69
SWW14112DH77,2.49
SWW14112DH9,3.56
SWW14132DH1,2.56
SWW14132DH11,2.62
SWW14132DH12,4.17
SWW14132DH13,1.55
SWW14132DH14,3.77
SWW14132DH15,3.36
SWW14132DH16,2.82
SWW14132DH17,2.22
SWW14132DH18,3.23
SWW14132DH19,3.90
SWW14132DH2,3.23
SWW14132DH20,3.09
SWW14132DH24,5.18
SWW14132DH25,3.83
SWW14132DH26,4.77
SWW14132DH28,4.10
SWW14132DH29,4.44
SWW14132DH3,3.77
SWW14132DH30,4.57
SWW14132DH31,5.11
SWW14132DH32,4.84
SWW14132DH35,5.45
SWW14132DH36,5.25
SWW14132DH37,5.45
SWW14132DH38,4.24
SWW14132DH4,0.40
SWW14132DH40,4.84
SWW14132DH41,4.04
SWW14132DH42,4.10
SWW14132DH44,2.96
SWW14132DH46,1.88
SWW14132DH47,3.23
SWW14132DH48,2.08
SWW14132DH6,3.97
SWW14132DH7,3.77
SWW14132DH8,5.25
SWW14132DH9,3.97
SWW14133DH1,5.58
SWW14133DH2,4.17
SWW14133DH3,5.31
SWW14133DH4,4.98
SWW14133DH5,4.37
SWW14133DH6,3.83
SWW14133DH7,5.78
SWW14133DH8,3.16
SWW14137DH1,3.03
SWW14137DH2,3.16
SWW14137DH3,2.56
SWW14138DH10,1.75
SWW14138DH100,5.51
SWW14138DH101,5.31
SWW14138DH102,6.59
SWW14138DH105,5.92
SWW14138DH11,2.15
SWW14138DH12,5.38
SWW14138DH13,4.30
SWW14138DH15,2.15
SWW14138DH16,2.62
SWW14138DH17,3.70
SWW14138DH18,1.95
SWW14138DH19,2.89
SWW14138DH20,3.43
SWW14138DH21,4.37
SWW14138DH22,4.51
SWW14138DH23,6.32
SWW14138DH24,7.73
SWW14138DH25,5.18
SWW14138DH27,4.51
SWW14138DH28,5.72
SWW14138DH3,1.88
SWW14138DH31,6.39
SWW14138DH32,6.46
SWW14138DH33,5.45
SWW14138DH35,5.31
SWW14138DH36,7.06
SWW14138DH37,4.84
SWW14138DH38,4.84
SWW14138DH4,2.69
SWW14138DH40,4.04
SWW14138DH41,4.51
SWW14138DH42,6.39
SWW14138DH43,2.96
SWW14138DH44,4.04
SWW14138DH45,4.91
SWW14138DH46,5.51
SWW14138DH48,5.18
SWW14138DH49,6.12
SWW14138DH5,2.56
SWW14138DH50,6.59
SWW14138DH54,4.51
SWW14138DH55,5.99
SWW14138DH56,4.24
SWW14138DH59,3.97
SWW14138DH6,3.03
SWW14138DH61,5.11
SWW14138DH62,4.37
SWW14138DH63,2.76
SWW14138DH64,4.84
SWW14138DH66,1.55
SWW14138DH67,3.36
SWW14138DH68,3.56
SWW14138DH69,5.25
SWW14138DH7,3.36
SWW14138DH70,3.63
SWW14138DH71,4.37
SWW14138DH72,4.04
SWW14138DH75,4.98
SWW14138DH76,4.77
SWW14138DH78,4.24
SWW14138DH79,5.11
SWW14138DH8,2.56
SWW14138DH80,5.31
SWW14138DH81,6.86
SWW14138DH82,6.73
SWW14138DH84,6.05
SWW14138DH85,5.78
SWW14138DH86,5.99
SWW14138DH87,4.71
SWW14138DH88,5.65
SWW14138DH89,3.97
SWW14138DH9,3.43
SWW14138DH92,3.97
SWW14138DH93,4.51
SWW14138DH94,4.71
SWW14138DH96,5.51
SWW14138DH98,3.70
SWW14138DH99,6.19
SWW14144DH1,5.31
SWW14144DH10,5.78
SWW14144DH11,4.71
SWW14144DH13,4.91
SWW14144DH14,4.30
SWW14144DH15,4.64
SWW14144DH16,4.98
SWW14144DH17,5.45
SWW14144DH18,3.97
SWW14144DH19,5.65
SWW14144DH20,4.57
SWW14144DH21,5.51
SWW14144DH22,5.11
SWW14144DH24,4.30
SWW14144DH25,4.77
SWW14144DH26,4.77
SWW14144DH27,4.71
SWW14144DH28,4.98
SWW14144DH29,4.77
SWW14144DH3,4.77
SWW14144DH30,4.51
SWW14144DH31,5.25
SWW14144DH34,3.77
SWW14144DH35,4.84
SWW14144DH37,3.77
SWW14144DH38,3.63
SWW14144DH39,4.84
SWW14144DH4,4.30
SWW14144DH40,4.98
SWW14144DH41,4.91
SWW14144DH42,5.72
SWW14144DH43,5.45
SWW14144DH44,4.77
SWW14144DH47,5.92
SWW14144DH49,5.45
SWW14144DH50,6.12
SWW14144DH52,5.11
SWW14144DH53,6.79
SWW14144DH54,6.12
SWW14144DH55,6.79
SWW14144DH56,6.59
SWW14144DH57,5.92
SWW14144DH59,5.38
SWW14144DH60,4.44
SWW14144DH61,4.24
SWW14144DH62,4.98
SWW14144DH63,5.58
SWW14144DH64,6.05
SWW14144DH65,7.20
SWW14144DH7,4.24
SWW14144DH8,5.38
SWW14144DH9,4.30
MAS110422001U,7.34
MAS110422002U,6.30
MAS110422003U,7.19
MAS110422004U,7.26
MAS110432001U,7.12
MAS110432002,7.41
MAS110432003UT,7.04
MAS110432004T,6.52
MAS110432005,7.26
MAS110432006U,7.26
MAS1104420010T,7.78
MAS110442001T,7.86
MAS110442002,8.60
MAS110442003,8.82
MAS110442004,8.90
MAS110442005,8.01
MAS110442006T,7.56
MAS110442007T,7.86
MAS110442008T,7.12
MAS110442009,8.52
MAS110452001,7.34
MAS110452002U,7.34
MAS110462001,7.93
MAS110472001T,5.86
MAS110482001U,7.04
MAS110482002U,6.82
MAS110482003U,6.67
MAS110502001U,7.26
MAS110502002T,3.85
MAS110742001,7.56
MAS110772001T,9.04
MAS110822001,7.86
MAS110822002T,8.52
MAS110822003T,7.78
MAS110822004,8.75
MAS111212001,7.78
MAS111212002,7.93
MAS111252001U,9.19
MAS111252002,8.67
MAS111252003,8.97
MAS111262001U,8.90
MAS111272001,7.78
MAS111272002,7.04
MAS111272003,9.56
MAS111272004U,9.41
MAS111272005U,8.30
MAS111272006U,9.27
MAS111292001,10.01
MAS111292002,8.38
MAS111292003,6.97
MAS111292004,8.45
MAS111292005,8.08
MAS111292006,9.41
MAS111302001,9.27
MAS111342001,7.78
MAS111342002,9.12
MAS111352001,9.19
MAS111352002,4.89
MAS111362001UT,7.12
MAS111362002T,9.19
MAS111362003UT,8.01
MAS111362004U,8.60
MAS111362005,8.82
MAS111412001T,10.16
MAS111422001U,9.04
MAS111422002U,9.56
MAS111422003,9.79
MAS111422004U,8.30
MAS111442001UT,8.97
MAS111442002UT,8.01
MAS111462001U,9.71
MAS111462002U,9.04
MAS111462003U,9.19
MAS111502001U,8.15
MAS111652001,8.90
MAS111682001,7.86
MAS111692001,8.01
MAS111692002,7.71
SWW11002B001,7.78
SWW11014B001,9.64
SWW11015B001,9.27
SWW11016B001,9.64
SWW11016B002,10.16
SWW11017B001,10.53
SWW11017B002,10.45
SWW11018B001,10.01
SWW11018B002,11.27
SWW11018B003,9.79
SWW11018B004,10.08
SWW11020B001,10.53
SWW11020B002,9.93
SWW11020B003,9.86
SWW11020B004,9.27
SWW11021B001,8.67
SWW11025B001,6.45
SWW11025B002,10.16
SWW11025B003,10.97
SWW11025B004,7.86
SWW11026B001,8.01
SWW11026B002,8.01
SWW11027B001,10.38
SWW11027B002,7.86
SWW11027B003,9.64
SWW11027B004,10.16
SWW11027B005,8.82
SWW11027B006,10.67
SWW11028B001,10.01
SWW11028B002,8.38
SWW11028B003,9.41
SWW11028B004,8.60
SWW11028B005T,8.23
SWW11039B001U,8.90
SWW11039B002U,9.34
SWW11039B003,8.97
SWW11039B004U,9.86
SWW11039B005U,8.82
SWW11040B001,8.82
SWW11040B0010,8.75
SWW11040B0011U,7.26
SWW11040B0012,9.12
SWW11040B0013,8.52
SWW11040B0014,7.93
SWW11040B0015,7.49
SWW11040B002,8.45
SWW11040B003,8.38
SWW11040B004,9.19
SWW11040B005U,9.04
SWW11040B006U,8.23
SWW11040B007,7.78
SWW11040B008,8.45
SWW11040B009,8.45
SWW11043B001,7.71
SWW11043B002,8.01
SWW11043B003U,8.38
SWW11043B004U,7.71
SWW11043B005,8.30
SWW11043B006U,7.93
SWW11044B001T,8.15
SWW11044B002,9.04
SWW11044B003,7.04
SWW11047B001U,6.30
SWW11047B002,9.12
SWW11047B003,7.93
SWW11047B005,8.75
SWW11050B001U,9.71
SWW11050B002,9.12
SWW11050B003,9.27
SWW11050B004U,8.52
SWW11050B005U,9.71
SWW11050B006,9.12
SWW11050B007U,8.30
SWW11051B001,8.90
SWW11051B002,9.27
SWW11051B003,7.12
SWW11051B004,10.90
SWW11051B005U,8.67
SWW11051B006,9.86
SWW11053B001,9.56
SWW11053B002,7.71
SWW11053B003,8.23
SWW11053B004,8.08
SWW11053B005,8.23
SWW11054B001U,6.89
SWW11055B001,7.78
SWW11055B002,9.12
SWW11055B003T,8.23
SWW11055B004U,9.19
SWW11057B001,8.67
SWW11059B001,8.97
SWW11059B002U,9.19
SWW11059B003,10.08
SWW11059B004U,8.75
SWW11059B005U,10.08
SWW11059B006U,9.04
SWW11059B007U,10.08
SWW11062B001U,8.08
SWW11062B002U,8.90
SWW11062B003,8.08
SWW11062B004U,8.90
SWW11062B005,8.75
SWW11062B006,9.27
SWW11062B007,8.60
SWW11062B008U,8.38
SWW11062B009U,8.23
SWW11066B001,7.86
SWW11066B002,8.01
SWW11066B003,8.15
SWW11066B004,7.86
SWW11066B005,8.30
SWW11066B006,8.67
SWW11066B007,8.38
SWW11066B008,6.67
SWW11068B001,8.67
SWW11068B002,9.27
SWW11068B003,7.86
SWW11070B001,9.04
SWW11070B002,7.86
SWW11070B003,9.19
SWW11071B001,8.15
SWW11071B002,9.34
SWW11071B003,8.75
SWW11071B004,8.90
SWW11071B005,8.23
SWW11071B006,8.08
SWW11075B001,7.71
SWW11075B002T,9.86
SWW11075B003,8.01
SWW11075B004,9.93
SWW11075B005,8.60
SWW11076B001U,10.23
SWW11076B002,8.52
SWW11076B003,11.05
SWW11076B004,10.38
SWW11076B005,10.90
SWW11076B006,9.56
SWW11076B007,10.08
SWW11076B008,10.53
SWW11077B001,9.56
SWW11077B002,10.97
SWW11077B003,8.60
SWW11077B004,9.19
SWW11077B005,9.56
SWW11077B006U,8.45
SWW11078B001,8.01
SWW11078B002,4.89
SWW11078B003,9.12
SWW11079B001,8.82
SWW11079B002,9.41
SWW11079B003,8.75
SWW11079B004,8.67
SWW11079B005,9.04
SWW11079B006,9.93
SWW11079B007,8.60
SWW11079B008,8.97
SWW11079B009,7.93
SWW11080B001,8.38
SWW11080B002,7.49
SWW11080B003,7.78
SWW11080B004,9.04
SWW11082B001T,8.75
SWW11083B001,7.41
SWW11083B002,8.60
SWW11083B003T,9.12
SWW11083B004,7.56
SWW11084B001,8.60
SWW11084B002T,9.34
SWW11084B003,8.67
SWW11084B004,8.75
SWW11084B005,9.12
SWW11084B006,9.04
SWW11084B007,8.38
SWW11084B008T,9.64
SWW11087B001,9.19
SWW11087B002,9.79
SWW11087B003,9.79
SWW11090B001,7.56
SWW11090B002,7.86
SWW11090B003,9.34
SWW11090B004,6.97
SWW11090B005,8.90
SWW11094B001,9.71
SWW11094B002,9.19
SWW11094B003,10.16
SWW11094B004,9.71
SWW11094B005,10.60
SWW11094B006,9.86
SWW11095B001,9.93
SWW11095B002,9.86
SWW11098B001,10.23
SWW11098B002U,9.19
SWW11099B001,8.90
SWW11099B002,8.52
SWW11099B003,9.71
SWW11099B004,9.64
SWW11099B005,9.04
SWW11102B001,10.08
SWW11104B001,11.05
SWW11104B002,9.12
SWW11104B003,10.45
SWW11107B001,8.97
SWW11107B002,8.38
SWW11107B003,8.82
SWW11112B001,9.04
SWW11112B002,9.27
SWW11112B003,9.71
SWW11112B004,9.79
SWW11112B005,9.27
SWW11112B006,9.71
SWW11112B007,10.01
SWW11113B001,8.38
SWW11113B002,9.71
SWW11113B003,9.86
SWW11113B004,9.49
SWW11113B005,8.52
SWW11113B006,7.49
SWW11113B007,8.52
SWW11113B008,7.86
SWW11115B001U,7.49
SWW11115B002,8.15
SWW11115B003,7.34
SWW11116B001,8.15
SWW11116B002,8.67
SWW11116B003,7.64
SWW11117B001,7.93
SWW11117B002,10.16
SWW11117B003,9.12
SWW11117B004,8.97
SWW11117B005,9.19
SWW11117B006,10.45
SWW11117B007,10.67
SWW11117B008,7.93
SWW11117B009,8.75
SWW11118B001,7.12
SWW11118B002,7.64
SWW11118B003,6.60
SWW11118B004,8.01
SWW11120B001,8.30
SWW11120B0010,9.41
SWW11120B0011,7.86
SWW11120B002,8.01
SWW11120B003U,7.64
SWW11120B004,7.34
SWW11120B005,9.04
SWW11120B006,8.45
SWW11120B007,8.30
SWW11120B008,7.26
SWW11120B009,8.30
SWW11123B001,9.04
SWW11123B002,8.60
SWW11123B003,9.49
SWW11123B004,8.52
SWW11127B001,5.78
SWW11127B002,7.78
SWW11127B003,9.49
SWW11127B004T,9.86
SWW11127B005T,8.52
SWW111281SSD111U,8.01
SWW111281SSD112,8.75
SWW111281SSD113,7.86
SWW111281SSD114,6.82
SWW111281SSD115,8.90
SWW111281SSD116,8.52
SWW111281SSD117U,8.60
SWW11130B001T,8.08
SWW11131B001T,9.86
SWW11131B002,8.15
SWW11131B003,8.67
SWW11131B004,7.41
SWW11131B005,9.34
SWW11131B006,7.34
SWW11131B007,7.19
SWW11131B008T,7.04
SWW11137B001,9.04
SWW11137B002,8.60
SWW11137B003U,9.27
SWW11137B004,8.23
SWW11137B005T,8.30
SWW11137B006U,8.23
SWW11138B001,7.19
SWW11138B002U,8.67
SWW11138B003,8.30
SWW11138B004,8.90
SWW11138B005,9.49
SWW11138B006,8.82
SWW11138B007,8.82
SWW11139B001,8.30
SWW11139B002,8.23
SWW11139B003,7.41
SWW11139B004,7.49
SWW11139B005,7.26
SWW11139B006,7.71
SWW11139B008U,7.26
SWW11139B009,7.93
SWW11140B001,8.82
SWW11140B002,9.49
SWW11140B003,10.01
SWW11140B004,9.56
SWW11140B005,9.86
SWW11140B006,9.56
SWW11140B007,10.08
SWW11140B008,9.71
SWW11142B001T,10.23
SWW11142B002,9.19
SWW11142B003,10.38
SWW11142B004U,9.86
SWW11142B005,11.05
SWW11143B001U,9.56
SWW11143B002U,8.97
SWW11143B003U,10.38
SWW11143B004,10.97
SWW11143B005,10.30
SWW11145B001,9.86
SWW11145B002U,10.53
SWW11145B003,10.08
SWW11146B001,9.93
SWW11146B002,10.16
SWW11154B001,8.08
SWW11155B001,6.60
SWW11155B002,7.26
SWW11155B003,8.38
SWW11155B004,9.19
SWW11157B001T,9.04
SWW11157B002T,9.93
SWW11157B003,9.56
SWW11157B004,8.38
SWW11157B005,8.60
SWW11158B001T,9.04
SWW11158B002,7.93
SWW11158B003,8.30
SWW11159B001,7.64
SWW11159B002,7.78
SWW11159B003U,7.41
SWW11166B001U,9.41
SWW11166B002U,7.93
SWW11166B003,8.75
SWW11166B004,8.45
SWW11166B005,8.82
SWW11166B006,9.41
SWW11166B007,8.90
SWW11166B008,8.67
SWW11166B009,8.30
SWW11184B001,8.30
SWW11184B002,7.71
SWW11184B003,7.34
SWW11184B004,6.82
SWW11184B005,6.67
SWW11187B001,7.12
SWW11187B002,8.38
SWW11187B003,8.23
SWW11188B001,7.19
SWW11188B002U,8.90
SWW11188B003,8.01
SWW11191B001UT,7.56
SWW11191B002U,6.75
SWW11191B003,7.64
SWW11191B004U,7.86
SWW11191B005,8.08
SWW11192B0010,8.52
SWW11192B0011,9.71
SWW11192B0012,5.34
SWW11192B0013,10.75
SWW11192B001U,7.56
SWW11192B002,7.19
SWW11192B003,8.08
SWW11192B004,8.30
SWW11192B005,8.75
SWW11192B006,8.45
SWW11192B007,8.60
SWW11192B008,8.23
SWW11192B009U,8.01
SWW11195B001,8.52
SWW11195B002,8.45
SWW11196B001,10.23
SWW11197B001,9.19
SWW11199B001U,9.49
SWW11205B001,9.19
SWW11205B002,8.97
SWW11214B001,10.08
SWW11214B002,9.49
SWW11214B003U,9.64
SWW11214B004U,10.01
SWW11214B005U,9.86
SWW11214B006,10.38
SWW11214B007,10.01
SWW11221B001,8.38
SWW11221B002,9.19
SWW11221B003U,8.08
SWW11221B004,8.97
SWW11221B005,9.49
SWW11221B006,8.15
SWW11222B001,8.15
SWW11222B002U,7.93
SWW11222B003UT,9.19
SWW11222B004,7.78
SWW11225B001,9.04
SWW11225B002,9.41
SWW11227B001,8.97
SWW11227B002T,9.71
SWW11227B003T,10.08
SWW11227B004,8.75
SWW11229B001U,9.64
SWW11229B002,8.90
SWW11229B003T,9.04
SWW11229B004T,9.27
SWW11229B005,7.86
SWW11230B001T,8.38
SWW11230B002,8.15
SWW11230B003,7.41
SWW11230B004,8.97
SWW11230B005,8.01
SWW11230B006,10.23
SWW11230B007,8.67
SWW11230B008,8.01
SWW11236B001T,8.38
SWW11236B002,8.97
SWW11236B003T,7.64
SWW11268B001,7.56
SWW11268B002,7.49
SWW11336B001,8.60
SWW11349B001,7.64
SWW11349B002,7.49
SWW14206DH10,8.52
SWW14206DH150,7.64
SWW14206DH200,8.97
SWW14206DH250,9.34
SWW14206DH40,8.60
SWW14206DH50,9.34
SWW14207DH120,10.53
SWW14207DH330,6.67
SWW14207DH440,7.78
SWW14207DH490,4.23
SWW14215DH240,7.19
SWW14215DH30,6.23
SWW14215DH70,9.34
SWW14216DH70,11.05
SWW14217DH260,10.08
SWW14251DH130,4.30
SWW14251DH170,7.78
SWW14251DH20,9.79
SWW14251DH230,9.56
SWW14251DH240,10.08
SWW14251DH270,7.19
SWW14251DH280,10.75
SWW14251DH290,4.97
SWW14251DH30,3.19
SWW14251DH300,10.53
SWW14251DH310,11.42
SWW14251DH330,9.56
SWW14251DH360,12.23
SWW14251DH370,11.71
SWW14251DH40,6.15
SWW14251DH60,8.01
SWW14251DH80,9.56
SWW14254DH110,11.79
SWW14254DH150,10.67
SWW14254DH180,11.79
SWW14254DH200,8.23
SWW14254DH240,12.23
SWW14254DH250,13.42
SWW14254DH270,11.93
SWW14254DH360,11.12
SWW14254DH380,5.49
SWW14254DH40,9.27
SWW14254DH70,9.49
SWW14254DH80,12.08
SWW14254DH90,10.45
SWW14256DH10,11.12
SWW14256DH120,12.75
SWW14256DH150,12.08
SWW14256DH160,10.60
SWW14256DH170,7.71
SWW14256DH230,10.67
SWW14256DH240,7.12
SWW14256DH250,12.08
SWW14256DH260,11.64
SWW14256DH290,10.30
SWW14256DH300,4.30
SWW14256DH310,11.86
SWW14256DH330,9.49
SWW14256DH360,10.60
SWW14256DH390,9.34
SWW14256DH470,8.82
SWW14256DH480,9.12
SWW14256DH490,10.08
SWW14256DH530,9.27
SWW14256DH550,9.56
SWW14256DH70,5.34
SWW14256DH90,10.53
SWW14257DH120,10.75
SWW14257DH150,7.04
SWW14257DH200,10.67
SWW14257DH60,11.27
SWW14258DH110,7.26
SWW14258DH150,6.82
SWW14258DH160,10.53
SWW14258DH170,10.08
SWW14258DH180,11.79
SWW14258DH230,10.60
SWW14258DH260,12.08
SWW14258DH30,8.52
SWW14258DH310,9.34
SWW14258DH390,8.23
SWW14258DH400,9.41
SWW14258DH70,8.97
SWW14296DH10,10.90
SWW14296DH1000,9.79
SWW14296DH1060,9.93
SWW14296DH110,9.49
SWW14296DH120,11.64
SWW14296DH130,11.42
SWW14296DH140,8.23
SWW14296DH150,8.82
SWW14296DH160,10.60
SWW14296DH170,8.90
SWW14296DH190,9.71
SWW14296DH20,9.12
SWW14296DH200,8.67
SWW14296DH210,8.23
SWW14296DH220,11.05
SWW14296DH230,6.75
SWW14296DH240,5.93
SWW14296DH270,10.82
SWW14296DH30,7.19
SWW14296DH320,8.45
SWW14296DH330,10.75
SWW14296DH360,10.82
SWW14296DH390,10.67
SWW14296DH40,10.97
SWW14296DH400,9.49
SWW14296DH420,9.79
SWW14296DH430,11.12
SWW14296DH440,10.01
SWW14296DH450,11.12
SWW14296DH460,11.34
SWW14296DH470,11.56
SWW14296DH490,13.27
SWW14296DH50,9.71
SWW14296DH500,10.82
SWW14296DH510,9.27
SWW14296DH520,11.42
SWW14296DH530,11.64
SWW14296DH540,11.27
SWW14296DH550,9.79
SWW14296DH560,10.97
SWW14296DH580,9.64
SWW14296DH590,11.56
SWW14296DH60,9.86
SWW14296DH600,12.68
SWW14296DH630,12.97
SWW14296DH650,11.56
SWW14296DH660,9.79
SWW14296DH670,9.49
SWW14296DH680,9.56
SWW14296DH70,7.26
SWW14296DH710,12.53
SWW14296DH720,11.19
SWW14296DH730,11.05
SWW14296DH750,10.90
SWW14296DH760,8.38
SWW14296DH770,11.71
SWW14296DH780,10.75
SWW14296DH790,10.90
SWW14296DH800,8.67
SWW14296DH820,9.71
SWW14296DH830,11.56
SWW14296DH840,9.27
SWW14296DH850,11.34
SWW14296DH860,11.86
SWW14296DH870,10.82
SWW14296DH880,10.38
SWW14296DH890,5.49
SWW14296DH90,10.90
SWW14296DH900,10.45
SWW14296DH920,11.42
SWW14296DH930,10.01
SWW14296DH940,10.38
SWW14296DH950,11.64
SWW14296DH960,10.01
SWW14299DH100,10.45
SWW14299DH1000,10.82
SWW14299DH1010,10.23
SWW14299DH1020,11.56
SWW14299DH1030,9.41
SWW14299DH1040,6.67
SWW14299DH1050,9.41
SWW14299DH1060,11.49
SWW14299DH110,10.38
SWW14299DH1130,10.45
SWW14299DH1140,10.45
SWW14299DH1150,9.79
SWW14299DH1180,7.49
SWW14299DH1190,9.34
SWW14299DH120,9.79
SWW14299DH1200,7.93
SWW14299DH1210,9.49
SWW14299DH1230,10.16
SWW14299DH1240,9.93
SWW14299DH1260,5.34
SWW14299DH1270,8.97
SWW14299DH1280,6.23
SWW14299DH1290,10.16
SWW14299DH130,10.16
SWW14299DH1300,9.86
SWW14299DH1310,9.86
SWW14299DH1320,11.64
SWW14299DH1330,11.12
SWW14299DH1370,5.19
SWW14299DH1380,9.27
SWW14299DH140,10.16
SWW14299DH1410,6.75
SWW14299DH1420,11.19
SWW14299DH1450,6.08
SWW14299DH1490,9.79
SWW14299DH150,9.86
SWW14299DH1500,6.97
SWW14299DH1550,9.04
SWW14299DH1560,9.12
SWW14299DH1570,11.42
SWW14299DH1580,9.41
SWW14299DH1590,8.75
SWW14299DH160,9.19
SWW14299DH1610,6.38
SWW14299DH1650,7.26
SWW14299DH170,7.56
SWW14299DH180,6.97
SWW14299DH20,8.15
SWW14299DH200,6.75
SWW14299DH210,11.12
SWW14299DH220,9.04
SWW14299DH240,10.30
SWW14299DH260,10.01
SWW14299DH270,9.19
SWW14299DH280,11.93
SWW14299DH290,9.86
SWW14299DH300,9.34
SWW14299DH310,10.45
SWW14299DH330,8.38
SWW14299DH340,9.71
SWW14299DH350,7.64
SWW14299DH360,10.60
SWW14299DH40,8.08
SWW14299DH400,9.49
SWW14299DH410,9.27
SWW14299DH420,10.16
SWW14299DH440,9.86
SWW14299DH450,11.64
SWW14299DH460,5.86
SWW14299DH470,9.71
SWW14299DH480,9.79
SWW14299DH490,10.67
SWW14299DH50,9.64
SWW14299DH500,11.12
SWW14299DH510,7.26
SWW14299DH520,9.49
SWW14299DH530,9.86
SWW14299DH540,11.12
SWW14299DH550,11.34
SWW14299DH560,10.45
SWW14299DH570,9.41
SWW14299DH580,12.08
SWW14299DH590,8.45
SWW14299DH60,7.49
SWW14299DH600,12.16
SWW14299DH610,7.78
SWW14299DH620,10.30
SWW14299DH630,9.64
SWW14299DH640,9.04
SWW14299DH660,11.56
SWW14299DH700,11.71
SWW14299DH720,11.86
SWW14299DH730,11.56
SWW14299DH740,11.79
SWW14299DH750,10.97
SWW14299DH760,4.89
SWW14299DH780,10.97
SWW14299DH80,9.41
SWW14299DH820,8.01
SWW14299DH850,9.56
SWW14299DH860,9.71
SWW14299DH870,7.12
SWW14299DH880,6.82
SWW14299DH890,6.00
SWW14299DH90,5.56
SWW14299DH900,10.60
SWW14299DH910,11.42
SWW14299DH920,10.01
SWW14299DH930,12.45
SWW14299DH950,10.90
SWW14299DH960,9.64
SWW14299DH970,9.71
SWW14300DH10,10.45
SWW14300DH30,11.56
SWW14303DH10,11.64
SWW14303DH170,9.04
SWW14303DH210,8.08
SWW14303DH240,10.75
SWW14303DH260,10.38
SWW14303DH330,10.30
SWW14303DH50,10.45
SWW14303DH70,10.16
SWW14303DH80,11.05
SWW14306DH1000,9.86
SWW14306DH1010,10.01
SWW14306DH140,11.71
SWW14306DH160,11.42
SWW14306DH200,10.45
SWW14306DH220,10.53
SWW14306DH330,10.90
SWW14306DH350,10.60
SWW14306DH360,10.75
SWW14306DH370,10.90
SWW14306DH380,10.90
SWW14306DH390,10.75
SWW14306DH400,10.82
SWW14306DH410,10.45
SWW14306DH420,10.82
SWW14306DH430,10.60
SWW14306DH440,10.30
SWW14306DH450,10.90
SWW14306DH460,11.64
SWW14306DH470,11.79
SWW14306DH480,11.12
SWW14306DH490,12.08
SWW14306DH500,10.60
SWW14306DH510,10.90
SWW14306DH530,12.31
SWW14306DH540,10.01
SWW14306DH550,10.75
SWW14306DH560,11.05
SWW14306DH570,10.75
SWW14306DH590,11.34
SWW14306DH600,11.05
SWW14306DH610,10.60
SWW14306DH830,11.56
SWW14306DH870,10.30
SWW14306DH880,10.30
SWW14306DH890,10.16
SWW14306DH910,11.42
SWW14306DH930,10.16
SWW14306DH950,9.79
SWW14306DH970,8.82
SWW14306DH980,10.45
SWW14306DH990,7.93
SWW14314DH10,10.75
SWW14314DH110,9.71
SWW14314DH120,9.41
SWW14314DH130,10.90
SWW14314DH140,12.01
SWW14314DH150,9.93
SWW14314DH160,11.49
SWW14314DH170,10.82
SWW14314DH20,11.42
SWW14314DH210,10.60
SWW14314DH220,11.64
SWW14314DH230,8.82
SWW14314DH240,11.05
SWW14314DH250,11.34
SWW14314DH260,11.27
SWW14314DH270,11.27
SWW14314DH280,11.71
SWW14314DH290,10.82
SWW14314DH30,11.27
SWW14314DH300,12.08
SWW14314DH310,11.71
SWW14314DH320,11.93
SWW14314DH340,9.71
SWW14314DH350,12.16
SWW14314DH360,11.42
SWW14314DH370,10.45
SWW14314DH530,10.30
SWW14314DH580,10.01
SWW14314DH600,10.82
SWW14314DH620,9.04
SWW14314DH640,10.90
SWW14314DH650,10.75
SWW14314DH660,10.01
SWW14314DH680,11.64
SWW14314DH690,10.82
SWW14314DH70,10.38
SWW14314DH700,11.12
SWW14314DH720,10.53
SWW14314DH80,8.97
SWW14314DH90,8.97
SWW14315DH10,9.86
SWW14315DH100,10.90
SWW14315DH110,11.05
SWW14315DH120,10.08
SWW14315DH130,11.12
SWW14315DH140,10.01
SWW14315DH150,11.34
SWW14315DH160,11.79
SWW14315DH180,11.27
SWW14315DH190,9.56
SWW14315DH20,9.79
SWW14315DH200,9.19
SWW14315DH210,8.08
SWW14315DH220,11.42
SWW14315DH230,10.01
SWW14315DH240,12.23
SWW14315DH250,11.05
SWW14315DH260,8.82
SWW14315DH270,10.82
SWW14315DH290,10.23
SWW14315DH30,9.27
SWW14315DH300,7.56
SWW14315DH310,11.79
SWW14315DH320,10.30
SWW14315DH330,11.49
SWW14315DH340,6.38
SWW14315DH360,12.23
SWW14315DH370,5.34
SWW14315DH380,10.53
SWW14315DH390,12.01
SWW14315DH40,5.71
SWW14315DH400,11.05
SWW14315DH420,11.49
SWW14315DH50,11.42
SWW14315DH60,12.45
SWW14315DH70,10.38
SWW14315DH80,11.12
SWW14315DH90,8.60
SWW14339DH10,6.45
SWW14339DH150,4.89
SWW14339DH20,3.71
SWW14339DH230,11.19
SWW14339DH30,5.78
SWW14339DH320,11.12
SWW14339DH390,11.05
SWW14339DH40,9.64
SWW14339DH420,11.56
SWW14339DH460,9.93
SWW14339DH480,10.82
SWW14339DH500,12.23
SWW14339DH510,7.26
SWW14339DH690,10.97
SWW14339DH740,10.97
SWW14339DH760,9.56
SWW14339DH800,12.01
SWW14339DH830,9.19
SWW14339DH840,7.71
SWW14339DH860,9.12
SWW14339DH870,11.05
SWW14339DH880,5.41
SWW14339DH920,11.79
SWW14378DH10,9.93
SWW14378DH110,11.34
SWW14378DH140,8.01
SWW14378DH150,8.97
SWW14378DH160,7.49
SWW14378DH170,4.82
SWW14378DH20,7.93
SWW14378DH200,12.53
SWW14378DH230,7.34
SWW14378DH240,9.04
SWW14378DH250,10.82
SWW14378DH270,8.75
SWW14378DH320,11.27
SWW14378DH330,8.52
SWW14378DH350,8.08
SWW14378DH370,10.97
SWW14378DH40,9.93
SWW14378DH400,6.30
SWW14378DH420,11.93
SWW14378DH480,2.89
SWW14378DH50,5.71
SWW14378DH500,5.86
SWW14378DH530,5.19
SWW14378DH570,9.27
SWW14378DH60,9.71
SWW14378DH80,10.45
SWW14378DH90,10.01
SWW14456DH10,9.71
SWW14456DH100,9.93
SWW14456DH130,6.67
SWW14456DH140,9.64
SWW14456DH170,10.97
SWW14456DH180,5.41
SWW14456DH200,8.52
SWW14456DH210,9.19
SWW14456DH230,12.08
SWW14456DH250,7.34
SWW14456DH270,10.30
SWW14456DH280,7.41
SWW14456DH300,10.75
SWW14456DH330,7.19
SWW14456DH340,8.23
SWW14456DH370,11.05
SWW14456DH420,7.64
SWW14456DH440,9.56
SWW14456DH450,7.26
SWW14456DH460,11.34
SWW14456DH500,5.19
SWW14456DH520,11.12
SWW14456DH540,10.38
SWW14456DH550,10.67
SWW14456DH570,11.49
SWW14456DH60,6.23
SWW14456DH600,10.16
SWW14456DH610,9.12
SWW14456DH620,8.75
SWW14456DH640,8.90
SWW14456DH700,9.93
SWW14456DH90,11.56
SWW14457DH10,9.86
SWW14457DH150,10.08
SWW14457DH160,11.42
SWW14457DH190,10.60
SWW14457DH20,11.05
SWW14457DH230,10.60
SWW14457DH240,10.53
SWW14457DH290,7.26
SWW14457DH300,7.64
SWW14457DH320,11.12
SWW14457DH330,11.05
SWW14457DH360,8.52
SWW14457DH380,9.64
SWW14457DH390,10.30
SWW14457DH400,10.08
SWW14457DH420,8.82
SWW14457DH430,9.34
SWW14457DH440,8.97
SWW14457DH470,10.82
SWW14457DH490,12.16
SWW14457DH50,9.56
SWW14457DH500,10.45
SWW14457DH520,10.23
SWW14457DH530,8.75
SWW14457DH570,8.23
SWW14457DH600,6.89
SWW14457DH640,8.75
SWW14457DH650,9.27
SWW14457DH660,8.75
SWW14457DH80,9.93
SWW14459DH100,9.86
SWW14459DH130,10.90
SWW14459DH160,11.42
SWW14459DH180,11.42
SWW14459DH190,11.93
SWW14459DH40,11.19
SWW14459DH50,10.23
SWW14459DH60,11.56
SWW14459DH80,11.34
SWW14460DH10,11.42
SWW14460DH100,9.86
SWW14460DH120,10.60
SWW14460DH130,10.23
SWW14460DH140,11.19
SWW14460DH160,10.16
SWW14460DH170,11.64
SWW14460DH180,11.42
SWW14460DH210,10.53
SWW14460DH220,10.01
SWW14460DH230,10.16
SWW14460DH240,10.45
SWW14460DH250,10.97
SWW14460DH260,11.42
SWW14460DH270,10.45
SWW14460DH290,10.90
SWW14460DH30,10.16
SWW14460DH310,11.05
SWW14460DH320,11.34
SWW14460DH330,11.19
SWW14460DH350,11.05
SWW14460DH360,11.12
SWW14460DH40,10.97
SWW14460DH50,10.60
SWW14460DH90,9.27
SWW14462DH10,9.93
SWW14462DH110,10.67
SWW14462DH120,7.78
SWW14462DH130,10.16
SWW14462DH140,7.12
SWW14462DH150,10.60
SWW14462DH160,10.01
SWW14462DH170,10.90
SWW14462DH180,10.53
SWW14462DH190,10.45
SWW14462DH20,5.71
SWW14462DH200,9.41
SWW14462DH210,10.30
SWW14462DH220,7.49
SWW14462DH230,10.75
SWW14462DH240,10.53
SWW14462DH250,10.90
SWW14462DH260,10.30
SWW14462DH270,7.86
SWW14462DH280,5.11
SWW14462DH290,10.97
SWW14462DH30,11.71
SWW14462DH300,10.01
SWW14462DH310,11.19
SWW14462DH320,4.00
SWW14462DH330,9.12
SWW14462DH340,7.64
SWW14462DH350,5.04
SWW14462DH360,10.01
SWW14462DH370,11.27
SWW14462DH380,11.05
SWW14462DH40,10.60
SWW14462DH400,10.16
SWW14462DH430,9.64
SWW14462DH50,10.75
SWW14462DH60,10.60
SWW14462DH70,10.23
SWW14462DH80,11.12
SWW14462DH90,10.75
SWW14463DH10,10.01
SWW14463DH120,7.78
SWW14463DH190,8.67
SWW14463DH200,9.27
SWW14478DH110,10.38
SWW14478DH190,10.08
SWW14478DH230,10.45
SWW14478DH240,10.16
SWW14478DH250,10.23
SWW14478DH270,10.53
SWW14478DH310,9.27
SWW14478DH70,8.08
SWW14479DH100,9.56
SWW14479DH110,8.75
SWW14479DH120,11.19
SWW14479DH130,10.38
SWW14479DH140,5.41
SWW14479DH180,9.34
SWW14479DH40,9.27
SWW14479DH50,11.19
SWW14479DH60,10.23
SWW14479DH90,9.56
SWW14496DH10,9.86
SWW14496DH100,10.82
SWW14496DH110,11.12
SWW14496DH120,9.79
SWW14496DH130,6.00
SWW14496DH140,9.34
SWW14496DH150,11.49
SWW14496DH160,8.08
SWW14496DH170,11.19
SWW14496DH180,4.08
SWW14496DH190,10.30
SWW14496DH20,9.71
SWW14496DH200,10.08
SWW14496DH210,9.19
SWW14496DH220,6.82
SWW14496DH230,11.93
SWW14496DH240,9.93
SWW14496DH250,10.16
SWW14496DH260,11.56
SWW14496DH270,11.19
SWW14496DH280,6.75
SWW14496DH290,11.05
SWW14496DH30,7.86
SWW14496DH300,10.67
SWW14496DH310,12.08
SWW14496DH320,10.60
SWW14496DH330,10.75
SWW14496DH340,10.53
SWW14496DH350,10.90
SWW14496DH360,11.93
SWW14496DH390,8.75
SWW14496DH410,12.01
SWW14496DH420,12.16
SWW14496DH430,11.79
SWW14496DH440,5.04
SWW14496DH450,10.53
SWW14496DH460,10.08
SWW14496DH470,12.31
SWW14496DH490,12.60
SWW14496DH50,8.60
SWW14496DH500,11.79
SWW14496DH510,9.49
SWW14496DH520,10.01
SWW14496DH530,9.64
SWW14496DH550,6.08
SWW14496DH60,10.08
SWW14496DH70,9.56
SWW14496DH90,10.90
SWW14497DH110,8.75
SWW14497DH120,10.16
SWW14497DH130,2.22
SWW14497DH140,5.63
SWW14497DH150,9.34
SWW14497DH160,9.27
SWW14497DH170,10.08
SWW14497DH190,8.45
SWW14497DH200,6.67
SWW14497DH210,9.86
SWW14497DH230,7.34
SWW14497DH240,9.34
SWW14497DH250,10.16
SWW14497DH260,10.75
SWW14497DH270,9.71
SWW14497DH290,6.89
SWW14497DH30,9.12
SWW14497DH300,11.34
SWW14497DH330,9.04
SWW14497DH340,5.78
SWW14497DH350,9.41
SWW14497DH370,8.97
SWW14497DH380,10.01
SWW14497DH390,8.75
SWW14497DH400,7.64
SWW14497DH410,10.45
SWW14497DH60,4.74
SWW14497DH90,10.82
SWW14498DH10,8.52
SWW14498DH100,8.45
SWW14498DH110,9.04
SWW14498DH120,7.78
SWW14498DH140,8.90
SWW14498DH180,7.93
SWW14498DH190,7.93
SWW14498DH20,11.42
SWW14498DH200,8.82
SWW14498DH230,9.71
SWW14498DH240,7.64
SWW14498DH250,7.26
SWW14498DH260,8.38
SWW14498DH270,10.23
SWW14498DH290,9.79
SWW14498DH30,9.27
SWW14498DH300,7.71
SWW14498DH310,5.86
SWW14498DH320,10.23
SWW14498DH330,6.30
SWW14498DH340,4.23
SWW14498DH350,10.01
SWW14498DH360,6.00
SWW14498DH370,5.19
SWW14498DH380,5.26
SWW14498DH390,10.75
SWW14498DH40,7.41
SWW14498DH400,5.71
SWW14498DH410,9.79
SWW14498DH420,6.15
SWW14498DH430,6.89
SWW14498DH450,7.56
SWW14498DH460,11.34
SWW14498DH470,11.42
SWW14498DH480,10.53
SWW14498DH490,11.56
SWW14498DH50,8.82
SWW14498DH510,8.38
SWW14498DH520,8.08
SWW14498DH530,8.23
SWW14498DH540,8.60
SWW14498DH550,8.67
SWW14498DH560,7.78
SWW14498DH570,11.64
SWW14498DH580,8.45
SWW14498DH590,7.64
SWW14498DH60,8.60
SWW14498DH600,8.15
SWW14498DH610,6.97
SWW14498DH620,8.30
SWW14498DH630,8.75
SWW14498DH640,11.05
SWW14498DH650,10.53
SWW14498DH660,6.89
SWW14498DH670,6.38
SWW14498DH680,8.82
SWW14498DH690,7.26
SWW14498DH70,10.01
SWW14498DH710,6.75
SWW14498DH720,7.34
SWW14498DH740,7.04
SWW14498DH750,7.26
SWW14498DH760,10.82
SWW14498DH770,6.38
SWW14498DH780,7.04
SWW14498DH790,7.26
SWW14498DH80,8.97
SWW14498DH800,7.12
SWW14498DH810,8.38
SWW14498DH820,8.38
SWW14498DH830,10.23
SWW14498DH840,9.12
SWW14498DH860,6.52
SWW14498DH870,7.04
SWW14498DH880,8.75
SWW14498DH90,8.45
